SEXO,FORMA_INGRESSO,FORMA_EVASA0,ANO_INGRESSO,IDADE_INGRESSO_TODOS
F,ENEM,Cancelamento,2010,22
M,ENEM,Aluno_Regular,2011,17
M,ENEM,Aluno_Regular,2011,21
M,Vestibular,Aluno_Regular,2008,17
M,ENEM,Abandono,2010,18
M,ENEM,Aluno_Regular,2011,27
M,Vestibular,Abandono,2009,27
M,Vestibular,Abandono,2006,19
M,Vestibular,Transferencia_Interna,2009,20
M,Vestibular,Abandono,2008,20
M,ENEM,Aluno_Regular,2010,29
M,Reopcao_de_Curso,Aluno_Regular,2009,20
M,Vestibular,Aluno_Regular,2006,19
M,Vestibular,Aluno_Regular,2006,18
M,Vestibular,Aluno_Regular,2006,22
M,Reopcao_de_Curso,Aluno_Regular,2008,29
M,Vestibular,Abandono,2008,34
M,Reingresso,Abandono,2009,35
M,Vestibular,Abandono,2009,24
M,Vestibular,Aluno_Regular,2006,18
M,Transferencia_EX-OFFICIO_(amparada_em_lei),Aluno_Regular,2008,26
M,ENEM,Aluno_Regular,2011,19
M,Vestibular,Abandono,2007,19
F,ENEM,Aluno_Regular,2011,25
F,Transferencia,Aluno_Regular,2010,23
F,Vestibular,Abandono,2007,22
M,Transferencia,Aluno_Regular,2008,18
M,Vestibular,Aluno_Regular,2008,17
M,Vestibular,Aluno_Regular,2008,24
M,Vestibular,Abandono,2007,26
M,Vestibular,Aluno_Regular,2006,33
M,ENEM,Aluno_Regular,2011,22
F,Transferencia_Voluntaria_ou_Externa_(oriundo_de_outra_instituicao),Aluno_Regular,2010,20
M,Vestibular,Abandono,2006,20
M,Portador_de_Diploma,Abandono,2008,46
M,ENEM,Aluno_Regular,2010,18
F,Vestibular,Aluno_Regular,2008,18
M,Vestibular,Abandono,2009,53
M,ENEM,Aluno_Regular,2011,22
M,Vestibular,Cancelamento,2009,20
F,Vestibular,Abandono,2009,16
M,Vestibular,Aluno_Regular,2006,21
F,ENEM,Abandono,2010,23
F,Vestibular,Aluno_Regular,2007,17
F,Vestibular,Aluno_Regular,2009,17
F,Vestibular,Aluno_Regular,2008,19
F,Vestibular,Abandono,2008,18
F,Vestibular,Abandono,2008,19
F,Vestibular,Aluno_Regular,2009,26
M,Vestibular,Abandono,2009,26
M,Vestibular,Abandono,2009,49
F,Portador_de_Diploma,Abandono,2008,29
F,ENEM,Aluno_Regular,2011,18
M,Vestibular,Abandono,2006,23
M,ENEM,Aluno_Regular,2010,19
M,Vestibular,Aluno_Regular,2007,23
M,Vestibular,Aluno_Regular,2007,25
M,ENEM,Aluno_Regular,2010,24
F,Portador_de_Diploma,Abandono,2009,31
M,Portador_de_Diploma,Abandono,2009,52
M,Portador_de_Diploma,Abandono,2009,46
M,Vestibular,Abandono,2008,44
M,Reingresso,Abandono,2008,34
M,Vestibular,Abandono,2006,32
M,Vestibular,Abandono,2008,19
M,Portador_de_Diploma,Abandono,2009,40
M,Vestibular,Abandono,2008,22
F,Transferencia,Transferencia_Interna,2009,32
M,Transferencia_Edital_de_Vagas,Abandono,2008,19
F,Vestibular,Abandono,2008,18
M,Vestibular,Aluno_Regular,2008,21
F,Vestibular,Aluno_Regular,2007,40
F,Vestibular,Cancelamento,2008,24
M,Vestibular,Aluno_Regular,2008,17
M,Vestibular,Aluno_Regular,2009,19
M,Portador_de_Diploma,Aluno_Regular,2009,25
M,ENEM,Aluno_Regular,2011,26
M,ENEM,Aluno_Regular,2010,24
F,ENEM,Aluno_Regular,2010,20
M,Vestibular,Reopcao_de_Curso,2007,17
M,ENEM,Aluno_Regular,2010,19
M,ENEM,Aluno_Regular,2011,22
M,Transferencia,Transferencia,2008,47
M,Vestibular,Aluno_Regular,2006,22
M,ENEM,Aluno_Regular,2011,43
M,Vestibular,Abandono,2006,23
M,Vestibular,Aluno_Regular,2009,34
M,ENEM,Aluno_Regular,2010,27
M,Portador_de_Diploma,Abandono,2008,38
M,Vestibular,Aluno_Regular,2008,17
M,ENEM,Aluno_Regular,2011,19
M,Vestibular,Abandono,2008,26
M,Vestibular,Aluno_Regular,2006,18
M,ENEM,Aluno_Regular,2010,18
M,ENEM,Aluno_Regular,2010,21
M,ENEM,Aluno_Regular,2011,25
M,Transferencia,Aluno_Regular,2009,27
M,ENEM,Aluno_Regular,2010,17
M,Vestibular,Aluno_Regular,2007,17
M,ENEM,Aluno_Regular,2010,27
M,Vestibular,Aluno_Regular,2009,19
M,ENEM,Aluno_Regular,2011,17
M,Vestibular,Abandono,2006,29
M,ENEM,Aluno_Regular,2011,40
M,Vestibular,Abandono,2008,20
M,Vestibular,Aluno_Regular,2009,17
M,Vestibular,Abandono,2009,17
M,Vestibular,Aluno_Regular,2008,18
M,Vestibular,Abandono,2006,18
M,Vestibular,Aluno_Regular,2009,27
F,Vestibular,Aluno_Regular,2009,17
F,Vestibular,Abandono,2008,18
M,ENEM,Aluno_Regular,2011,21
M,Transferencia_Edital_de_Vagas,Abandono,2008,26
M,Transferencia_Edital_de_Vagas,Aluno_Regular,2008,20
M,ENEM,Aluno_Regular,2011,25
F,ENEM,Aluno_Regular,2011,17
M,Vestibular,Cancelamento,2006,21
M,Transferencia_Voluntaria_ou_Externa_(oriundo_de_outra_instituicao),Aluno_Regular,2011,25
M,ENEM,Aluno_Regular,2011,19
M,Transferencia_EX-OFFICIO_(amparada_em_lei),Abandono,2008,20
M,ENEM,Aluno_Regular,2010,17
M,Vestibular,Aluno_Regular,2009,17
M,ENEM,Aluno_Regular,2011,18
M,Vestibular,Aluno_Regular,2009,18
M,ENEM,Aluno_Regular,2010,18
M,ENEM,Aluno_Regular,2011,18
M,Transferencia_Edital_de_Vagas,Abandono,2008,32
M,Vestibular,Aluno_Regular,2007,17
M,Vestibular,Aluno_Regular,2007,17
M,ENEM,Aluno_Regular,2011,18
M,Vestibular,Aluno_Regular,2008,23
M,ENEM,Aluno_Regular,2010,19
M,Vestibular,Desligamento,2007,21
M,Vestibular,Abandono,2008,18
M,ENEM,Aluno_Regular,2011,17
M,Vestibular,Aluno_Regular,2006,18
M,Vestibular,Aluno_Regular,2009,19
F,Transferencia_EX-OFFICIO_(amparada_em_lei),Abandono,2010,24
M,Vestibular,Aluno_Regular,2008,20
M,Transferencia_Edital_de_Vagas,Aluno_Regular,2008,20
M,Vestibular,Abandono,2008,43
M,ENEM,Aluno_Regular,2011,19
M,Vestibular,Aluno_Regular,2006,24
M,Transferencia,Aluno_Regular,2011,28
M,ENEM,Cancelamento,2010,17
M,ENEM,Aluno_Regular,2011,16
M,Vestibular,Abandono,2009,20
M,Transferencia,Abandono,2008,24
M,Vestibular,Aluno_Regular,2009,17
M,Vestibular,Aluno_Regular,2008,17
M,Vestibular,Abandono,2007,42
F,Vestibular,Aluno_Regular,2007,17
M,Transferencia,Aluno_Regular,2010,20
F,ENEM,Aluno_Regular,2011,17
M,ENEM,Aluno_Regular,2011,31
M,ENEM,Aluno_Regular,2011,21
F,Vestibular,Cancelamento,2006,58
M,Transferencia,Abandono,2008,26
M,Reingresso,Abandono,2010,28
M,Vestibular,Abandono,2007,33
M,Vestibular,Abandono,2008,27
M,Vestibular,Aluno_Regular,2006,32
M,Vestibular,Transferencia_Interna,2009,22
M,Vestibular,Transferencia,2006,17
F,Vestibular,Cancelamento,2008,19
F,Transferencia,Cancelamento,2010,29
M,Portador_de_Diploma,Abandono,2009,55
M,ENEM,Cancelamento,2010,17
M,Vestibular,Aluno_Regular,2007,39
M,ENEM,Aluno_Regular,2011,18
M,Transferencia,Aluno_Regular,2010,19
M,Vestibular,Cancelamento,2008,30
M,Vestibular,Abandono,2006,18
F,Vestibular,Transferencia,2008,21
M,Vestibular,Aluno_Regular,2009,16
M,Reingresso,Abandono,2009,27
M,Vestibular,Abandono,2008,26
M,Portador_de_Diploma,Abandono,2010,34
M,Vestibular,Abandono,2007,18
M,Vestibular,Cancelamento,2007,31
F,Vestibular,Abandono,2006,20
M,ENEM,Aluno_Regular,2010,25
M,Vestibular,Aluno_Regular,2008,19
M,Vestibular,Aluno_Regular,2006,18
M,Vestibular,Reopcao_de_Curso,2006,23
M,ENEM,Aluno_Regular,2011,22
M,Portador_de_Diploma,Aluno_Regular,2008,25
M,Vestibular,Abandono,2007,34
M,ENEM,Aluno_Regular,2011,25
M,ENEM,Aluno_Regular,2010,17
M,ENEM,Abandono,2010,29
M,Transferencia_Edital_de_Vagas,Abandono,2008,21
M,Vestibular,Reopcao_de_Curso,2006,30
M,Vestibular,Aluno_Regular,2008,21
M,ENEM,Aluno_Regular,2011,20
M,ENEM,Abandono,2010,19
M,Vestibular,Aluno_Regular,2008,17
F,Reopcao_Mobilidade_Interna_(para_curso/habilitacao_area_relacionada),Aluno_Regular,2011,22
F,ENEM,Aluno_Regular,2010,29
M,Vestibular,Abandono,2006,20
M,Vestibular,Abandono,2006,20
M,Vestibular,Abandono,2007,22
M,Vestibular,Abandono,2006,21
M,Vestibular,Abandono,2007,24
F,Vestibular,Aluno_Regular,2008,18
M,ENEM,Aluno_Regular,2011,17
F,Vestibular,Transferencia_Interna,2009,19
M,Reingresso,Abandono,2010,28
M,Vestibular,Abandono,2009,26
M,ENEM,Abandono,2010,32
M,Vestibular,Abandono,2009,42
M,Vestibular,Abandono,2009,24
M,Vestibular,Aluno_Regular,2008,21
M,Transferencia,Aluno_Regular,2011,25
M,Vestibular,Aluno_Regular,2006,22
M,Vestibular,Abandono,2007,16
M,Vestibular,Abandono,2006,19
M,Vestibular,Abandono,2006,34
F,ENEM,Aluno_Regular,2011,17
M,Vestibular,Abandono,2009,24
M,Portador_de_Diploma,Aluno_Regular,2008,26
F,Reopcao_de_Curso,Aluno_Regular,2009,22
F,ENEM,Cancelamento,2010,20
M,Transferencia_Interna,Aluno_Regular,2010,18
M,Vestibular,Reopcao_de_Curso,2006,35
M,Portador_de_Diploma,Abandono,2008,33
M,ENEM,Aluno_Regular,2011,30
M,ENEM,Aluno_Regular,2010,20
M,ENEM,Abandono,2010,18
M,Transferencia,Aluno_Regular,2010,20
M,Vestibular,Transferencia,2006,18
M,Vestibular,Cancelamento,2009,17
M,ENEM,Aluno_Regular,2011,22
M,ENEM,Aluno_Regular,2010,17
F,ENEM,Aluno_Regular,2010,17
F,ENEM,Aluno_Regular,2011,17
M,Portador_de_Diploma,Abandono,2008,48
F,Transferencia,Abandono,2009,25
F,Vestibular,Abandono,2009,30
F,Reingresso,Classificado_e_Nao_Matriculado,2010,31
M,ENEM,Aluno_Regular,2011,21
M,ENEM,Aluno_Regular,2010,17
M,ENEM,Aluno_Regular,2011,17
M,ENEM,Aluno_Regular,2010,23
M,Vestibular,Aluno_Regular,2007,18
M,ENEM,Abandono,2010,18
F,ENEM,Aluno_Regular,2011,17
F,ENEM,Cancelamento,2010,17
F,ENEM,Aluno_Regular,2010,17
M,ENEM,Aluno_Regular,2010,23
M,ENEM,Aluno_Regular,2010,30
M,ENEM,Cancelamento,2010,21
M,Vestibular,Aluno_Regular,2006,22
M,ENEM,Aluno_Regular,2010,27
M,Transferencia,Abandono,2010,21
F,Vestibular,Abandono,2008,17
M,ENEM,Aluno_Regular,2011,29
F,Vestibular,Desligamento,2007,19
M,Vestibular,Abandono,2006,30
M,Vestibular,Aluno_Regular,2009,18
M,Reingresso,Abandono,2010,25
M,Vestibular,Abandono,2007,22
M,ENEM,Aluno_Regular,2011,35
F,Vestibular,Cancelamento,2006,19
M,ENEM,Abandono,2010,17
F,ENEM,Aluno_Regular,2011,17
F,Vestibular,Abandono,2008,19
F,Vestibular,Abandono,2009,25
F,Vestibular,Aluno_Regular,2007,21
M,Vestibular,Aluno_Regular,2009,24
M,Vestibular,Abandono,2008,21
M,Vestibular,Aluno_Regular,2008,26
M,Vestibular,Aluno_Regular,2008,24
M,Vestibular,Abandono,2006,37
M,ENEM,Aluno_Regular,2011,23
M,Transferencia,Aluno_Regular,2009,19
M,Vestibular,Abandono,2006,18
M,Vestibular,Aluno_Regular,2009,17
M,Vestibular,Abandono,2006,25
M,ENEM,Aluno_Regular,2011,17
M,Transferencia_Voluntaria_ou_Externa_(oriundo_de_outra_instituicao),Aluno_Regular,2010,21
M,Vestibular,Aluno_Regular,2008,19
M,Vestibular,Abandono,2008,19
M,ENEM,Aluno_Regular,2010,18
M,Vestibular,Aluno_Regular,2009,20
M,Vestibular,Aluno_Regular,2006,20
M,Vestibular,Abandono,2009,18
M,Vestibular,Aluno_Regular,2007,24
M,Vestibular,Aluno_Regular,2006,19
M,Vestibular,Aluno_Regular,2007,18
M,Vestibular,Aluno_Regular,2008,18
F,Portador_de_Diploma,Abandono,2008,26
M,ENEM,Aluno_Regular,2010,21
F,Vestibular,Abandono,2009,20
M,ENEM,Abandono,2010,17
M,Vestibular,Aluno_Regular,2007,17
M,Vestibular,Aluno_Regular,2009,17
M,Vestibular,Abandono,2007,24
M,Vestibular,Abandono,2007,17
M,Vestibular,Aluno_Regular,2009,17
M,Vestibular,Aluno_Regular,2009,18
M,Transferencia,Abandono,2009,29
M,Vestibular,Abandono,2009,23
M,Transferencia,Aluno_Regular,2009,28
M,Transferencia_EX-OFFICIO_(amparada_em_lei),Abandono,2009,28
M,Transferencia_Voluntaria_ou_Externa_(oriundo_de_outra_instituicao),Aluno_Regular,2010,19
M,Vestibular,Abandono,2006,29
M,Vestibular,Aluno_Regular,2006,23
M,Vestibular,Abandono,2006,23
M,Vestibular,Abandono,2009,29
M,Vestibular,Cancelamento,2006,18
M,Reopcao_de_Curso,Abandono,2008,23
M,ENEM,Aluno_Regular,2011,24
M,Vestibular,Abandono,2009,32
M,Reingresso,Classificado_e_Nao_Matriculado,2010,34
M,Vestibular,Abandono,2006,37
M,Transferencia,Abandono,2009,38
F,Vestibular,Abandono,2006,23
F,Vestibular,Abandono,2006,23
F,Transferencia,Aluno_Regular,2010,22
F,Vestibular,Aluno_Regular,2009,18
F,Vestibular,Aluno_Regular,2008,17
F,Vestibular,Aluno_Regular,2008,18
M,Transferencia_Edital_de_Vagas,Aluno_Regular,2008,19
M,Vestibular,Abandono,2009,17
F,Vestibular,Aluno_Regular,2009,18
M,ENEM,Aluno_Regular,2010,17
M,Vestibular,Aluno_Regular,2008,16
M,Transferencia_Edital_de_Vagas,Aluno_Regular,2008,24
M,Vestibular,Aluno_Regular,2009,18
M,Vestibular,Abandono,2006,24
M,Reopcao_de_Curso,Aluno_Regular,2008,24
M,ENEM,Aluno_Regular,2011,19
M,Vestibular,Aluno_Regular,2006,24
F,ENEM,Aluno_Regular,2010,17
M,Vestibular,Aluno_Regular,2009,20
M,Vestibular,Abandono,2006,40
M,Vestibular,Aluno_Regular,2006,22
F,ENEM,Aluno_Regular,2011,22
M,ENEM,Abandono,2010,17
M,ENEM,Aluno_Regular,2010,18
M,ENEM,Aluno_Regular,2011,20
M,ENEM,Aluno_Regular,2011,19
M,Vestibular,Desligamento,2007,18
M,Vestibular,Aluno_Regular,2009,17
M,ENEM,Aluno_Regular,2010,17
M,ENEM,Abandono,2010,21
